{"cameraMode":{"drawMode":0,"name":"Shaded","section":"Shading Mode"},"sceneLighting":false,"audioPlay":false,"sceneViewState":{"showFog":true,"showMaterialUpdate":false,"showSkybox":false,"showFlares":true,"showImageEffects":true,"showParticleSystems":true},"in2DMode":false,"pivot":{"x":-0.1741352081298828,"y":0.1239696741104126,"z":0.47359561920166018},"rotation":{"x":0.012171423994004727,"y":0.9135669469833374,"z":-0.405591756105423,"w":0.02741517312824726},"size":7.925962448120117,"orthographic":false}