{"cameraMode":{"drawMode":0,"name":"Shaded","section":"Shading Mode"},"sceneLighting":false,"audioPlay":false,"sceneViewState":{"showFog":true,"showMaterialUpdate":false,"showSkybox":false,"showFlares":true,"showImageEffects":true,"showParticleSystems":true},"in2DMode":false,"pivot":{"x":-0.08190274238586426,"y":0.9523850679397583,"z":0.4849057197570801},"rotation":{"x":0.018474169075489045,"y":0.8673468828201294,"z":-0.49660077691078188,"w":0.031177129596471788},"size":1.4649806022644044,"orthographic":false}