{"cameraMode":{"drawMode":0,"name":"Shaded","section":"Shading Mode"},"sceneLighting":false,"audioPlay":false,"sceneViewState":{"showFog":true,"showMaterialUpdate":false,"showSkybox":false,"showFlares":true,"showImageEffects":true,"showParticleSystems":true},"in2DMode":false,"pivot":{"x":1.7759761810302735,"y":0.19244235754013062,"z":0.006511688232421875},"rotation":{"x":0.003947154618799686,"y":0.9646411538124085,"z":-0.26315826177597048,"w":0.014470805414021016},"size":13.568058967590332,"orthographic":true}