{"cameraMode":{"drawMode":0,"name":"Shaded","section":"Shading Mode"},"sceneLighting":false,"audioPlay":false,"sceneViewState":{"showFog":true,"showMaterialUpdate":false,"showSkybox":false,"showFlares":true,"showImageEffects":true,"showParticleSystems":true},"in2DMode":false,"pivot":{"x":-0.08114242553710938,"y":0.9525049328804016,"z":0.4848189651966095},"rotation":{"x":0.053846750408411029,"y":0.9358232021331787,"z":-0.30902013182640078,"w":0.16169053316116334},"size":1.465202808380127,"orthographic":false}