{"cameraMode":{"drawMode":0,"name":"Shaded","section":"Shading Mode"},"sceneLighting":true,"audioPlay":false,"sceneViewState":{"showFog":true,"showMaterialUpdate":false,"showSkybox":true,"showFlares":true,"showImageEffects":true,"showParticleSystems":true},"in2DMode":false,"pivot":{"x":79.01668548583985,"y":24.249629974365236,"z":-1.1471205949783326},"rotation":{"x":0.37237662076950076,"y":0.6149392127990723,"z":-0.40391433238983157,"w":0.5659928321838379},"size":29.02266502380371,"orthographic":false}